<?xml version="1.0" encoding="UTF-8"?>

<mule xmlns:dw="http://www.mulesoft.org/schema/mule/ee/dw" xmlns:http="http://www.mulesoft.org/schema/mule/http" xmlns="http://www.mulesoft.org/schema/mule/core" xmlns:doc="http://www.mulesoft.org/schema/mule/documentation"
	xmlns:spring="http://www.springframework.org/schema/beans" 
	xmlns:xsi="http://www.w3.org/2001/XMLSchema-instance"
	xsi:schemaLocation="http://www.springframework.org/schema/beans http://www.springframework.org/schema/beans/spring-beans-current.xsd
http://www.mulesoft.org/schema/mule/core http://www.mulesoft.org/schema/mule/core/current/mule.xsd
http://www.mulesoft.org/schema/mule/http http://www.mulesoft.org/schema/mule/http/current/mule-http.xsd
http://www.mulesoft.org/schema/mule/ee/dw http://www.mulesoft.org/schema/mule/ee/dw/current/dw.xsd">
	<flow name="mule3-azureFlow">
		<http:listener config-ref="HTTP_Listener_Configuration" path="/demo/{name}" doc:name="HTTP"/>
		<logger message="#[message.inboundProperties.'http.uri.params'.name]" level="INFO" doc:name="Logger"/>
		<dw:transform-message doc:name="Transform Message">
			<dw:set-payload><![CDATA[%dw 1.0
%output application/json
---
{
	Name : inboundProperties.'http.uri.params'.name
}]]></dw:set-payload>
		</dw:transform-message>
		<logger message="#[payload]" level="INFO" doc:name="Logger"/>
		<set-payload value="#[payload]" doc:name="Set Payload"/>
	</flow>
</mule>
